qualification_id,faculty_id,course_code
1,FA-000,COMP 001
2,FA-000,COMP 003
3,FA-000,COMP 006
4,FA-000,COMP 007
5,FA-000,COMP 009
6,FA-000,COMP 010
7,FA-000,COMP 011
8,FA-000,COMP 012
9,FA-000,COMP 013
10,FA-000,COMP 016
11,FA-000,COMP 017
12,FA-000,COMP 018
13,FA-000,COMP 019
14,FA-000,COMP 022
15,FA-000,COMP 025
16,FA-000,COMP 035
17,FA-000,COMP 038
18,FA-000,COMP 041
19,FA-000,COMP 101
20,FA-000,COSC 201
21,FA-000,COSC 302
22,FA-000,COSC 303
23,FA-000,COSC 305
24,FA-000,COSC 351
25,FA-000,GEED 012
26,FA-000,INTE 202
27,FA-000,INTE 301
28,FA-000,INTE 303
29,FA-000,INTE 362
30,FA-000,INTE 401
31,FA-000,INTE 402
32,FA-000,INTE 403
33,FA-001,COMP 003
34,FA-001,COMP 005
35,FA-001,COMP 007
36,FA-001,COMP 009
37,FA-001,COMP 010
38,FA-001,COMP 012
39,FA-001,COMP 013
40,FA-001,COMP 014
41,FA-001,COMP 017
42,FA-001,COMP 018
43,FA-001,COMP 020
44,FA-001,COMP 023
45,FA-001,COMP 025
46,FA-001,COMP 032
47,FA-001,COMP 033
48,FA-001,COMP 035
49,FA-001,COMP 041
50,FA-001,COMP 101
51,FA-001,COSC 203
52,FA-001,COSC 302
53,FA-001,COSC 303
54,FA-001,COSC 351
55,FA-001,COSC 401
56,FA-001,GEED 012
57,FA-001,GEED 013
58,FA-001,INTE 201
59,FA-001,INTE 301
60,FA-001,INTE 362
61,FA-001,INTE 401
62,FA-001,INTE 402
63,FA-001,INTE 403
64,FA-002,COMP 001
65,FA-002,COMP 002
66,FA-002,COMP 009
67,FA-002,COMP 011
68,FA-002,COMP 014
69,FA-002,COMP 016
70,FA-002,COMP 017
71,FA-002,COMP 023
72,FA-002,COMP 035
73,FA-002,COMP 038
74,FA-002,COMP 041
75,FA-002,COMP 106
76,FA-002,GEED 012
77,FA-002,INTE 301
78,FA-002,INTE 401
79,FA-002,INTE 402
80,FA-002,INTE 403
81,FA-003,COMP 003
82,FA-003,COMP 005
83,FA-003,COMP 007
84,FA-003,COMP 011
85,FA-003,COMP 013
86,FA-003,COMP 016
87,FA-003,COMP 020
88,FA-003,COMP 022
89,FA-003,COMP 032
90,FA-003,COMP 034
91,FA-003,COMP 036
92,FA-003,COMP 038
93,FA-003,COMP 041
94,FA-003,COMP 106
95,FA-003,COSC 201
96,FA-003,COSC 302
97,FA-003,GEED 012
98,FA-003,GEED 014
99,FA-003,INTE 202
100,FA-003,INTE 301
101,FA-003,INTE 401
102,FA-003,INTE 402
103,FA-003,INTE 403
104,FA-004,COMP 008
105,FA-004,COMP 009
106,FA-004,COMP 010
107,FA-004,COMP 014
108,FA-004,COMP 016
109,FA-004,COMP 017
110,FA-004,COMP 018
111,FA-004,COMP 019
112,FA-004,COMP 021
113,FA-004,COMP 022
114,FA-004,COMP 032
115,FA-004,COMP 033
116,FA-004,COMP 034
117,FA-004,COMP 038
118,FA-004,COMP 040
119,FA-004,COMP 041
120,FA-004,COMP 101
121,FA-004,COMP 106
122,FA-004,COSC 202
123,FA-004,COSC 203
124,FA-004,COSC 302
125,FA-004,COSC 303
126,FA-004,COSC 305
127,FA-004,COSC 401
128,FA-004,GEED 012
129,FA-004,GEED 013
130,FA-004,INTE 201
131,FA-004,INTE 301
132,FA-004,INTE 401
133,FA-005,COMP 001
134,FA-005,COMP 005
135,FA-005,COMP 011
136,FA-005,COMP 014
137,FA-005,COMP 015
138,FA-005,COMP 016
139,FA-005,COMP 019
140,FA-005,COMP 021
141,FA-005,COMP 022
142,FA-005,COMP 025
143,FA-005,COMP 032
144,FA-005,COMP 034
145,FA-005,COMP 035
146,FA-005,COMP 041
147,FA-005,COMP 101
148,FA-005,COSC 203
149,FA-005,COSC 302
150,FA-005,COSC 303
151,FA-005,COSC 401
152,FA-005,GEED 012
153,FA-005,INTE 201
154,FA-005,INTE 202
155,FA-005,INTE 303
156,FA-005,INTE 362
157,FA-005,INTE 401
158,FA-005,INTE 402
159,FA-005,INTE 403
160,FA-006,COMP 002
161,FA-006,COMP 003
162,FA-006,COMP 007
163,FA-006,COMP 008
164,FA-006,COMP 010
165,FA-006,COMP 011
166,FA-006,COMP 014
167,FA-006,COMP 015
168,FA-006,COMP 016
169,FA-006,COMP 017
170,FA-006,COMP 021
171,FA-006,COMP 022
172,FA-006,COMP 023
173,FA-006,COMP 032
174,FA-006,COMP 033
175,FA-006,COMP 040
176,FA-006,COMP 106
177,FA-006,COSC 202
178,FA-006,COSC 203
179,FA-006,COSC 301
180,FA-006,COSC 304
181,FA-006,COSC 305
182,FA-006,COSC 401
183,FA-006,GEED 012
184,FA-006,GEED 013
185,FA-006,GEED 014
186,FA-006,INTE 202
187,FA-006,INTE 303
188,FA-006,INTE 362
189,FA-007,COMP 003
190,FA-007,COMP 008
191,FA-007,COMP 010
192,FA-007,COMP 011
193,FA-007,COMP 013
194,FA-007,COMP 014
195,FA-007,COMP 017
196,FA-007,COMP 022
197,FA-007,COMP 023
198,FA-007,COMP 025
199,FA-007,COMP 032
200,FA-007,COMP 033
201,FA-007,COMP 036
202,FA-007,COMP 038
203,FA-007,COMP 041
204,FA-007,COMP 101
205,FA-007,COMP 106
206,FA-007,COSC 202
207,FA-007,COSC 303
208,FA-007,GEED 014
209,FA-007,INTE 202
210,FA-007,INTE 301
211,FA-007,INTE 303
212,FA-007,INTE 401
213,FA-008,COMP 007
214,FA-008,COMP 008
215,FA-008,COMP 009
216,FA-008,COMP 011
217,FA-008,COMP 015
218,FA-008,COMP 017
219,FA-008,COMP 018
220,FA-008,COMP 021
221,FA-008,COMP 022
222,FA-008,COMP 033
223,FA-008,COMP 034
224,FA-008,COMP 035
225,FA-008,COMP 038
226,FA-008,COMP 041
227,FA-008,COMP 101
228,FA-008,COSC 304
229,FA-008,COSC 401
230,FA-008,GEED 014
231,FA-008,INTE 301
232,FA-008,INTE 362
233,FA-008,INTE 402
234,FA-008,INTE 403
235,FA-009,COMP 001
236,FA-009,COMP 005
237,FA-009,COMP 007
238,FA-009,COMP 008
239,FA-009,COMP 011
240,FA-009,COMP 012
241,FA-009,COMP 015
242,FA-009,COMP 016
243,FA-009,COMP 019
244,FA-009,COMP 021
245,FA-009,COMP 022
246,FA-009,COMP 023
247,FA-009,COMP 032
248,FA-009,COMP 033
249,FA-009,COMP 034
250,FA-009,COMP 035
251,FA-009,COMP 037
252,FA-009,COMP 038
253,FA-009,COMP 040
254,FA-009,COMP 101
255,FA-009,COSC 202
256,FA-009,COSC 203
257,FA-009,COSC 401
258,FA-009,GEED 012
259,FA-009,INTE 301
260,FA-009,INTE 303
261,FA-009,INTE 362
262,FA-009,INTE 402
263,FA-010,COMP 008
264,FA-010,COMP 014
265,FA-010,COMP 016
266,FA-010,COMP 017
267,FA-010,COMP 021
268,FA-010,COMP 023
269,FA-010,COMP 025
270,FA-010,COMP 033
271,FA-010,COMP 035
272,FA-010,COMP 037
273,FA-010,COMP 038
274,FA-010,COSC 304
275,FA-010,COSC 351
276,FA-010,COSC 401
277,FA-010,INTE 201
278,FA-010,INTE 302
279,FA-010,INTE 401
280,FA-010,INTE 403
281,FA-011,COMP 005
282,FA-011,COMP 008
283,FA-011,COMP 010
284,FA-011,COMP 011
285,FA-011,COMP 012
286,FA-011,COMP 013
287,FA-011,COMP 014
288,FA-011,COMP 015
289,FA-011,COMP 016
290,FA-011,COMP 019
291,FA-011,COMP 023
292,FA-011,COMP 035
293,FA-011,COMP 038
294,FA-011,COMP 101
295,FA-011,COSC 202
296,FA-011,COSC 304
297,FA-011,GEED 013
298,FA-011,INTE 301
299,FA-011,INTE 401
300,FA-012,COMP 001
301,FA-012,COMP 003
302,FA-012,COMP 005
303,FA-012,COMP 008
304,FA-012,COMP 010
305,FA-012,COMP 011
306,FA-012,COMP 012
307,FA-012,COMP 013
308,FA-012,COMP 032
309,FA-012,COMP 034
310,FA-012,COMP 035
311,FA-012,COMP 036
312,FA-012,COMP 101
313,FA-012,COSC 201
314,FA-012,COSC 203
315,FA-012,COSC 303
316,FA-012,COSC 351
317,FA-012,COSC 401
318,FA-012,GEED 012
319,FA-012,INTE 401
320,FA-013,COMP 002
321,FA-013,COMP 005
322,FA-013,COMP 006
323,FA-013,COMP 007
324,FA-013,COMP 008
325,FA-013,COMP 009
326,FA-013,COMP 011
327,FA-013,COMP 013
328,FA-013,COMP 023
329,FA-013,COMP 032
330,FA-013,COMP 036
331,FA-013,COMP 037
332,FA-013,COMP 038
333,FA-013,COMP 041
334,FA-013,COSC 201
335,FA-013,COSC 302
336,FA-013,COSC 303
337,FA-013,GEED 013
338,FA-013,INTE 201
339,FA-013,INTE 362
340,FA-014,COMP 003
341,FA-014,COMP 006
342,FA-014,COMP 007
343,FA-014,COMP 008
344,FA-014,COMP 010
345,FA-014,COMP 013
346,FA-014,COMP 015
347,FA-014,COMP 017
348,FA-014,COMP 023
349,FA-014,COMP 025
350,FA-014,COMP 032
351,FA-014,COMP 034
352,FA-014,COMP 036
353,FA-014,COMP 038
354,FA-014,COMP 040
355,FA-014,COMP 101
356,FA-014,COSC 202
357,FA-014,COSC 203
358,FA-014,COSC 302
359,FA-014,COSC 303
360,FA-014,COSC 304
361,FA-014,INTE 201
362,FA-014,INTE 301
363,FA-014,INTE 362
364,FA-014,INTE 403
365,FA-015,COMP 003
366,FA-015,COMP 005
367,FA-015,COMP 007
368,FA-015,COMP 010
369,FA-015,COMP 011
370,FA-015,COMP 012
371,FA-015,COMP 016
372,FA-015,COMP 017
373,FA-015,COMP 022
374,FA-015,COMP 034
375,FA-015,COMP 035
376,FA-015,COMP 037
377,FA-015,COSC 203
378,FA-015,COSC 301
379,FA-015,COSC 351
380,FA-015,GEED 013
381,FA-015,GEED 014
382,FA-015,INTE 201
383,FA-015,INTE 202
384,FA-015,INTE 303
385,FA-015,INTE 401
386,FA-015,INTE 403
387,FA-016,COMP 001
388,FA-016,COMP 005
389,FA-016,COMP 012
390,FA-016,COMP 016
391,FA-016,COMP 017
392,FA-016,COMP 018
393,FA-016,COMP 019
394,FA-016,COMP 021
395,FA-016,COMP 022
396,FA-016,COMP 023
397,FA-016,COMP 025
398,FA-016,COMP 036
399,FA-016,COMP 038
400,FA-016,COMP 101
401,FA-016,COMP 106
402,FA-016,COSC 201
403,FA-016,COSC 203
404,FA-016,COSC 302
405,FA-016,COSC 305
406,FA-016,COSC 401
407,FA-016,GEED 012
408,FA-016,INTE 201
409,FA-016,INTE 402
410,FA-016,INTE 403
411,FA-017,COMP 002
412,FA-017,COMP 006
413,FA-017,COMP 007
414,FA-017,COMP 010
415,FA-017,COMP 014
416,FA-017,COMP 015
417,FA-017,COMP 020
418,FA-017,COMP 023
419,FA-017,COMP 032
420,FA-017,COMP 034
421,FA-017,COMP 035
422,FA-017,COMP 036
423,FA-017,COMP 040
424,FA-017,COSC 201
425,FA-017,COSC 202
426,FA-017,COSC 302
427,FA-017,COSC 303
428,FA-017,COSC 304
429,FA-017,GEED 012
430,FA-017,INTE 301
431,FA-017,INTE 303
432,FA-018,COMP 001
433,FA-018,COMP 003
434,FA-018,COMP 007
435,FA-018,COMP 009
436,FA-018,COMP 010
437,FA-018,COMP 011
438,FA-018,COMP 015
439,FA-018,COMP 017
440,FA-018,COMP 021
441,FA-018,COMP 023
442,FA-018,COMP 033
443,FA-018,COMP 034
444,FA-018,COMP 037
445,FA-018,COMP 040
446,FA-018,COMP 106
447,FA-018,COSC 201
448,FA-018,COSC 203
449,FA-018,COSC 302
450,FA-018,COSC 304
451,FA-018,COSC 401
452,FA-018,GEED 012
453,FA-018,GEED 014
454,FA-018,INTE 202
455,FA-018,INTE 302
456,FA-018,INTE 303
457,FA-018,INTE 401
458,FA-019,COMP 001
459,FA-019,COMP 005
460,FA-019,COMP 006
461,FA-019,COMP 009
462,FA-019,COMP 010
463,FA-019,COMP 016
464,FA-019,COMP 017
465,FA-019,COMP 019
466,FA-019,COMP 020
467,FA-019,COMP 021
468,FA-019,COMP 035
469,FA-019,COMP 038
470,FA-019,COMP 041
471,FA-019,COSC 201
472,FA-019,COSC 203
473,FA-019,COSC 301
474,FA-019,COSC 304
475,FA-019,COSC 305
476,FA-019,GEED 012
477,FA-019,GEED 013
478,FA-019,INTE 201
479,FA-019,INTE 303
480,FA-019,INTE 402
481,FA-019,INTE 403
482,FA-020,COMP 002
483,FA-020,COMP 003
484,FA-020,COMP 009
485,FA-020,COMP 010
486,FA-020,COMP 011
487,FA-020,COMP 012
488,FA-020,COMP 013
489,FA-020,COMP 015
490,FA-020,COMP 021
491,FA-020,COMP 022
492,FA-020,COMP 023
493,FA-020,COMP 035
494,FA-020,COMP 037
495,FA-020,COMP 038
496,FA-020,COMP 101
497,FA-020,COSC 203
498,FA-020,COSC 302
499,FA-020,COSC 303
500,FA-020,INTE 202
501,FA-020,INTE 301
502,FA-020,INTE 303
503,FA-020,INTE 362
504,FA-021,COMP 004
505,FA-021,COMP 005
506,FA-021,COMP 006
507,FA-021,COMP 008
508,FA-021,COMP 011
509,FA-021,COMP 015
510,FA-021,COMP 016
511,FA-021,COMP 019
512,FA-021,COMP 022
513,FA-021,COMP 032
514,FA-021,COMP 033
515,FA-021,COMP 038
516,FA-021,COMP 101
517,FA-021,COSC 201
518,FA-021,COSC 202
519,FA-021,COSC 203
520,FA-021,COSC 304
521,FA-021,COSC 401
522,FA-021,GEED 012
523,FA-021,GEED 014
524,FA-021,INTE 201
525,FA-021,INTE 202
526,FA-021,INTE 301
527,FA-021,INTE 362
528,FA-021,INTE 401
529,FA-022,COMP 007
530,FA-022,COMP 009
531,FA-022,COMP 012
532,FA-022,COMP 015
533,FA-022,COMP 017
534,FA-022,COMP 021
535,FA-022,COMP 025
536,FA-022,COMP 032
537,FA-022,COMP 037
538,FA-022,COMP 040
539,FA-022,COMP 041
540,FA-022,COMP 101
541,FA-022,COSC 203
542,FA-022,COSC 302
543,FA-022,COSC 304
544,FA-022,COSC 305
545,FA-022,COSC 401
546,FA-022,GEED 013
547,FA-022,GEED 014
548,FA-022,INTE 202
549,FA-022,INTE 301
550,FA-022,INTE 303
551,FA-022,INTE 402
552,FA-023,COMP 001
553,FA-023,COMP 006
554,FA-023,COMP 011
555,FA-023,COMP 012
556,FA-023,COMP 017
557,FA-023,COMP 019
558,FA-023,COMP 022
559,FA-023,COMP 023
560,FA-023,COMP 025
561,FA-023,COMP 033
562,FA-023,COMP 035
563,FA-023,COMP 038
564,FA-023,COMP 040
565,FA-023,COMP 106
566,FA-023,COSC 302
567,FA-023,COSC 304
568,FA-023,COSC 351
569,FA-023,GEED 013
570,FA-023,INTE 303
571,FA-023,INTE 401
572,FA-023,INTE 402
573,FA-023,INTE 403
574,FA-024,COMP 005
575,FA-024,COMP 006
576,FA-024,COMP 007
577,FA-024,COMP 008
578,FA-024,COMP 009
579,FA-024,COMP 010
580,FA-024,COMP 011
581,FA-024,COMP 012
582,FA-024,COMP 013
583,FA-024,COMP 023
584,FA-024,COMP 032
585,FA-024,COMP 037
586,FA-024,COMP 040
587,FA-024,COMP 101
588,FA-024,COSC 202
589,FA-024,COSC 303
590,FA-024,COSC 351
591,FA-024,GEED 012
592,FA-024,INTE 201
593,FA-024,INTE 401
594,FA-025,COMP 002
595,FA-025,COMP 004
596,FA-025,COMP 005
597,FA-025,COMP 012
598,FA-025,COMP 014
599,FA-025,COMP 019
600,FA-025,COMP 022
601,FA-025,COMP 032
602,FA-025,COMP 033
603,FA-025,COMP 036
604,FA-025,COMP 037
605,FA-025,COMP 040
606,FA-025,COMP 041
607,FA-025,COSC 201
608,FA-025,COSC 203
609,FA-025,COSC 301
610,FA-025,COSC 401
611,FA-025,INTE 201
612,FA-025,INTE 202
613,FA-025,INTE 301
614,FA-025,INTE 303
615,FA-025,INTE 401
616,FA-025,INTE 402
617,FA-025,INTE 403
618,FA-026,COMP 008
619,FA-026,COMP 009
620,FA-026,COMP 013
621,FA-026,COMP 014
622,FA-026,COMP 016
623,FA-026,COMP 017
624,FA-026,COMP 019
625,FA-026,COMP 022
626,FA-026,COMP 025
627,FA-026,COMP 032
628,FA-026,COMP 034
629,FA-026,COMP 037
630,FA-026,COMP 040
631,FA-026,COMP 041
632,FA-026,COSC 201
633,FA-026,COSC 203
634,FA-026,COSC 302
635,FA-026,COSC 304
636,FA-026,COSC 351
637,FA-026,GEED 013
638,FA-026,INTE 202
639,FA-026,INTE 362
640,FA-027,COMP 002
641,FA-027,COMP 005
642,FA-027,COMP 007
643,FA-027,COMP 008
644,FA-027,COMP 012
645,FA-027,COMP 013
646,FA-027,COMP 017
647,FA-027,COMP 032
648,FA-027,COMP 035
649,FA-027,COMP 036
650,FA-027,COMP 038
651,FA-027,COMP 106
652,FA-027,COSC 202
653,FA-027,COSC 301
654,FA-027,COSC 302
655,FA-027,COSC 303
656,FA-027,COSC 305
657,FA-027,COSC 351
658,FA-027,GEED 012
659,FA-027,INTE 202
660,FA-027,INTE 301
661,FA-027,INTE 362
662,FA-027,INTE 403
663,FA-028,COMP 001
664,FA-028,COMP 002
665,FA-028,COMP 005
666,FA-028,COMP 007
667,FA-028,COMP 008
668,FA-028,COMP 012
669,FA-028,COMP 013
670,FA-028,COMP 015
671,FA-028,COMP 017
672,FA-028,COMP 018
673,FA-028,COMP 021
674,FA-028,COMP 033
675,FA-028,COMP 035
676,FA-028,COSC 201
677,FA-028,COSC 202
678,FA-028,COSC 301
679,FA-028,COSC 304
680,FA-028,GEED 012
681,FA-028,GEED 013
682,FA-028,GEED 014
683,FA-028,INTE 301
684,FA-028,INTE 302
685,FA-028,INTE 401
686,FA-028,INTE 403
687,FA-029,COMP 001
688,FA-029,COMP 004
689,FA-029,COMP 007
690,FA-029,COMP 008
691,FA-029,COMP 009
692,FA-029,COMP 014
693,FA-029,COMP 015
694,FA-029,COMP 016
695,FA-029,COMP 017
696,FA-029,COMP 018
697,FA-029,COMP 019
698,FA-029,COMP 032
699,FA-029,COMP 033
700,FA-029,COMP 037
701,FA-029,COMP 040
702,FA-029,COMP 041
703,FA-029,COMP 101
704,FA-029,COMP 106
705,FA-029,COSC 201
706,FA-029,COSC 202
707,FA-029,COSC 302
708,FA-029,GEED 013
709,FA-029,INTE 401
710,FA-029,INTE 402
711,FA-030,COMP 003
712,FA-030,COMP 006
713,FA-030,COMP 007
714,FA-030,COMP 009
715,FA-030,COMP 011
716,FA-030,COMP 012
717,FA-030,COMP 016
718,FA-030,COMP 018
719,FA-030,COMP 022
720,FA-030,COMP 025
721,FA-030,COMP 032
722,FA-030,COMP 034
723,FA-030,COMP 035
724,FA-030,COMP 101
725,FA-030,COMP 106
726,FA-030,COSC 201
727,FA-030,COSC 401
728,FA-030,GEED 012
729,FA-030,INTE 301
730,FA-030,INTE 303
731,FA-030,INTE 362
732,FA-030,INTE 403
733,FA-031,COMP 008
734,FA-031,COMP 011
735,FA-031,COMP 012
736,FA-031,COMP 016
737,FA-031,COMP 019
738,FA-031,COMP 020
739,FA-031,COMP 021
740,FA-031,COMP 022
741,FA-031,COMP 025
742,FA-031,COMP 035
743,FA-031,COMP 038
744,FA-031,COMP 040
745,FA-031,COMP 041
746,FA-031,COSC 202
747,FA-031,COSC 203
748,FA-031,COSC 401
749,FA-031,INTE 303
750,FA-032,COMP 002
751,FA-032,COMP 003
752,FA-032,COMP 006
753,FA-032,COMP 007
754,FA-032,COMP 009
755,FA-032,COMP 011
756,FA-032,COMP 012
757,FA-032,COMP 014
758,FA-032,COMP 020
759,FA-032,COMP 021
760,FA-032,COMP 022
761,FA-032,COMP 033
762,FA-032,COMP 034
763,FA-032,COMP 037
764,FA-032,COMP 101
765,FA-032,COSC 201
766,FA-032,GEED 012
767,FA-032,INTE 303
768,FA-032,INTE 362
769,FA-033,COMP 001
770,FA-033,COMP 005
771,FA-033,COMP 007
772,FA-033,COMP 009
773,FA-033,COMP 010
774,FA-033,COMP 012
775,FA-033,COMP 016
776,FA-033,COMP 019
777,FA-033,COMP 023
778,FA-033,COMP 035
779,FA-033,COMP 037
780,FA-033,COMP 040
781,FA-033,COMP 101
782,FA-033,COSC 302
783,FA-033,COSC 303
784,FA-033,COSC 304
785,FA-033,COSC 351
786,FA-033,COSC 401
787,FA-033,GEED 012
788,FA-033,GEED 013
789,FA-033,INTE 201
790,FA-033,INTE 301
791,FA-033,INTE 362
792,FA-033,INTE 402
793,FA-034,COMP 001
794,FA-034,COMP 005
795,FA-034,COMP 007
796,FA-034,COMP 009
797,FA-034,COMP 011
798,FA-034,COMP 014
799,FA-034,COMP 015
800,FA-034,COMP 016
801,FA-034,COMP 017
802,FA-034,COMP 021
803,FA-034,COMP 025
804,FA-034,COMP 034
805,FA-034,COMP 035
806,FA-034,COMP 040
807,FA-034,COSC 201
808,FA-034,COSC 302
809,FA-034,INTE 362
810,FA-034,INTE 402
811,FA-035,COMP 006
812,FA-035,COMP 010
813,FA-035,COMP 012
814,FA-035,COMP 014
815,FA-035,COMP 016
816,FA-035,COMP 023
817,FA-035,COMP 033
818,FA-035,COMP 035
819,FA-035,COMP 037
820,FA-035,COMP 038
821,FA-035,COMP 101
822,FA-035,COSC 202
823,FA-035,COSC 302
824,FA-035,COSC 305
825,FA-035,GEED 012
826,FA-035,INTE 202
827,FA-035,INTE 401
828,FA-035,INTE 403
829,FA-036,COMP 003
830,FA-036,COMP 009
831,FA-036,COMP 010
832,FA-036,COMP 011
833,FA-036,COMP 018
834,FA-036,COMP 025
835,FA-036,COMP 034
836,FA-036,COSC 201
837,FA-036,COSC 202
838,FA-036,COSC 203
839,FA-036,COSC 301
840,FA-036,COSC 302
841,FA-036,GEED 012
842,FA-036,GEED 014
843,FA-036,INTE 201
844,FA-036,INTE 303
845,FA-036,INTE 362
846,FA-037,COMP 003
847,FA-037,COMP 005
848,FA-037,COMP 006
849,FA-037,COMP 010
850,FA-037,COMP 011
851,FA-037,COMP 013
852,FA-037,COMP 017
853,FA-037,COMP 019
854,FA-037,COMP 020
855,FA-037,COMP 021
856,FA-037,COMP 022
857,FA-037,COMP 032
858,FA-037,COMP 034
859,FA-037,COMP 037
860,FA-037,COMP 038
861,FA-037,COMP 040
862,FA-037,COMP 041
863,FA-037,COMP 106
864,FA-037,COSC 203
865,FA-037,COSC 301
866,FA-037,COSC 302
867,FA-037,COSC 304
868,FA-037,INTE 201
869,FA-037,INTE 202
870,FA-037,INTE 301
871,FA-037,INTE 302
872,FA-037,INTE 303
873,FA-037,INTE 401
874,FA-037,INTE 402
875,FA-038,COMP 003
876,FA-038,COMP 009
877,FA-038,COMP 021
878,FA-038,COMP 022
879,FA-038,COMP 033
880,FA-038,COMP 035
881,FA-038,COMP 101
882,FA-038,COSC 201
883,FA-038,COSC 301
884,FA-038,COSC 302
885,FA-038,COSC 303
886,FA-038,INTE 201
887,FA-038,INTE 202
888,FA-038,INTE 403
889,FA-039,COMP 002
890,FA-039,COMP 003
891,FA-039,COMP 004
892,FA-039,COMP 006
893,FA-039,COMP 009
894,FA-039,COMP 012
895,FA-039,COMP 013
896,FA-039,COMP 016
897,FA-039,COMP 017
898,FA-039,COMP 018
899,FA-039,COMP 020
900,FA-039,COMP 023
901,FA-039,COMP 032
902,FA-039,COMP 035
903,FA-039,COMP 038
904,FA-039,COMP 040
905,FA-039,COMP 041
906,FA-039,COSC 203
907,FA-039,COSC 303
908,FA-039,COSC 304
909,FA-039,COSC 351
910,FA-039,GEED 013
911,FA-039,INTE 202
912,FA-039,INTE 302
913,FA-039,INTE 303
914,FA-039,INTE 362
915,FA-039,INTE 401
916,FA-039,INTE 403
917,FA-040,COMP 002
918,FA-040,COMP 003
919,FA-040,COMP 005
920,FA-040,COMP 009
921,FA-040,COMP 012
922,FA-040,COMP 013
923,FA-040,COMP 019
924,FA-040,COMP 025
925,FA-040,COMP 032
926,FA-040,COMP 033
927,FA-040,COMP 034
928,FA-040,COMP 035
929,FA-040,COMP 037
930,FA-040,COMP 040
931,FA-040,COMP 101
932,FA-040,COMP 106
933,FA-040,COSC 201
934,FA-040,COSC 203
935,FA-040,COSC 301
936,FA-040,COSC 302
937,FA-040,COSC 401
938,FA-040,GEED 012
939,FA-040,GEED 013
940,FA-040,INTE 201
941,FA-040,INTE 202
942,FA-040,INTE 362
943,FA-040,INTE 401
944,FA-040,INTE 402
945,FA-040,INTE 403
946,FA-041,COMP 007
947,FA-041,COMP 008
948,FA-041,COMP 009
949,FA-041,COMP 016
950,FA-041,COMP 017
951,FA-041,COMP 019
952,FA-041,COMP 020
953,FA-041,COMP 021
954,FA-041,COMP 022
955,FA-041,COMP 023
956,FA-041,COMP 032
957,FA-041,COMP 035
958,FA-041,COMP 037
959,FA-041,COMP 038
960,FA-041,COMP 040
961,FA-041,COSC 203
962,FA-041,COSC 304
963,FA-041,COSC 351
964,FA-041,COSC 401
965,FA-041,GEED 012
966,FA-041,GEED 013
967,FA-041,INTE 362
968,FA-041,INTE 403
969,FA-042,COMP 002
970,FA-042,COMP 005
971,FA-042,COMP 010
972,FA-042,COMP 014
973,FA-042,COMP 015
974,FA-042,COMP 016
975,FA-042,COMP 021
976,FA-042,COMP 022
977,FA-042,COMP 032
978,FA-042,COMP 034
979,FA-042,COMP 037
980,FA-042,COMP 041
981,FA-042,COSC 303
982,FA-042,COSC 304
983,FA-042,COSC 305
984,FA-042,GEED 012
985,FA-042,INTE 202
986,FA-042,INTE 303
987,FA-042,INTE 362
988,FA-042,INTE 403
989,FA-043,COMP 003
990,FA-043,COMP 005
991,FA-043,COMP 008
992,FA-043,COMP 011
993,FA-043,COMP 012
994,FA-043,COMP 017
995,FA-043,COMP 019
996,FA-043,COMP 020
997,FA-043,COMP 021
998,FA-043,COMP 032
999,FA-043,COMP 033
1000,FA-043,COMP 035
1001,FA-043,COMP 106
1002,FA-043,COSC 202
1003,FA-043,COSC 305
1004,FA-043,GEED 012
1005,FA-043,GEED 013
1006,FA-043,INTE 201
1007,FA-043,INTE 301
1008,FA-043,INTE 303
1009,FA-043,INTE 401
1010,FA-043,INTE 402
1011,FA-044,COMP 001
1012,FA-044,COMP 005
1013,FA-044,COMP 006
1014,FA-044,COMP 008
1015,FA-044,COMP 009
1016,FA-044,COMP 011
1017,FA-044,COMP 012
1018,FA-044,COMP 013
1019,FA-044,COMP 015
1020,FA-044,COMP 018
1021,FA-044,COMP 021
1022,FA-044,COMP 025
1023,FA-044,COMP 032
1024,FA-044,COMP 033
1025,FA-044,COMP 034
1026,FA-044,COMP 035
1027,FA-044,COMP 036
1028,FA-044,COMP 037
1029,FA-044,COMP 038
1030,FA-044,COMP 040
1031,FA-044,COMP 041
1032,FA-044,COMP 101
1033,FA-044,COSC 202
1034,FA-044,COSC 301
1035,FA-044,COSC 302
1036,FA-044,COSC 305
1037,FA-044,COSC 401
1038,FA-044,GEED 013
1039,FA-044,INTE 301
1040,FA-044,INTE 303
1041,FA-044,INTE 401
1042,FA-044,INTE 402
1043,FA-044,INTE 403
1044,FA-045,COMP 007
1045,FA-045,COMP 008
1046,FA-045,COMP 009
1047,FA-045,COMP 011
1048,FA-045,COMP 012
1049,FA-045,COMP 013
1050,FA-045,COMP 015
1051,FA-045,COMP 016
1052,FA-045,COMP 021
1053,FA-045,COMP 022
1054,FA-045,COMP 023
1055,FA-045,COMP 025
1056,FA-045,COMP 038
1057,FA-045,COMP 040
1058,FA-045,COMP 101
1059,FA-045,COMP 106
1060,FA-045,COSC 202
1061,FA-045,COSC 203
1062,FA-045,COSC 401
1063,FA-045,INTE 201
1064,FA-045,INTE 202
1065,FA-045,INTE 302
1066,FA-045,INTE 362
1067,FA-045,INTE 402
1068,FA-045,INTE 403
1069,FA-046,COMP 001
1070,FA-046,COMP 007
1071,FA-046,COMP 009
1072,FA-046,COMP 012
1073,FA-046,COMP 013
1074,FA-046,COMP 014
1075,FA-046,COMP 015
1076,FA-046,COMP 017
1077,FA-046,COMP 020
1078,FA-046,COMP 021
1079,FA-046,COMP 033
1080,FA-046,COMP 034
1081,FA-046,COMP 036
1082,FA-046,COMP 040
1083,FA-046,COMP 106
1084,FA-046,COSC 301
1085,FA-046,COSC 305
1086,FA-046,GEED 012
1087,FA-046,GEED 013
1088,FA-046,INTE 201
1089,FA-046,INTE 301
1090,FA-046,INTE 302
1091,FA-046,INTE 362
1092,FA-047,COMP 002
1093,FA-047,COMP 004
1094,FA-047,COMP 005
1095,FA-047,COMP 006
1096,FA-047,COMP 007
1097,FA-047,COMP 011
1098,FA-047,COMP 013
1099,FA-047,COMP 014
1100,FA-047,COMP 016
1101,FA-047,COMP 019
1102,FA-047,COMP 021
1103,FA-047,COMP 034
1104,FA-047,COMP 035
1105,FA-047,COMP 101
1106,FA-047,COMP 106
1107,FA-047,COSC 203
1108,FA-047,COSC 302
1109,FA-047,COSC 401
1110,FA-047,INTE 201
1111,FA-047,INTE 202
1112,FA-047,INTE 303
1113,FA-047,INTE 362
1114,FA-047,INTE 401
1115,FA-047,INTE 402
1116,FA-048,COMP 002
1117,FA-048,COMP 003
1118,FA-048,COMP 008
1119,FA-048,COMP 009
1120,FA-048,COMP 012
1121,FA-048,COMP 013
1122,FA-048,COMP 014
1123,FA-048,COMP 016
1124,FA-048,COMP 019
1125,FA-048,COMP 020
1126,FA-048,COMP 022
1127,FA-048,COMP 025
1128,FA-048,COMP 033
1129,FA-048,COMP 035
1130,FA-048,COMP 038
1131,FA-048,COMP 041
1132,FA-048,COMP 101
1133,FA-048,COSC 203
1134,FA-048,COSC 305
1135,FA-048,GEED 012
1136,FA-048,GEED 014
1137,FA-048,INTE 201
1138,FA-048,INTE 301
1139,FA-048,INTE 302
1140,FA-048,INTE 362
1141,FA-048,INTE 401
1142,FA-048,INTE 403
1143,FA-049,COMP 001
1144,FA-049,COMP 002
1145,FA-049,COMP 003
1146,FA-049,COMP 005
1147,FA-049,COMP 008
1148,FA-049,COMP 009
1149,FA-049,COMP 011
1150,FA-049,COMP 018
1151,FA-049,COMP 020
1152,FA-049,COMP 021
1153,FA-049,COMP 022
1154,FA-049,COMP 023
1155,FA-049,COMP 025
1156,FA-049,COMP 034
1157,FA-049,COMP 035
1158,FA-049,COSC 302
1159,FA-049,COSC 304
1160,FA-049,COSC 401
1161,FA-049,GEED 013
1162,FA-049,INTE 201
1163,FA-049,INTE 303
1164,FA-049,INTE 401
1165,FA-049,INTE 403
1166,FA-050,COMP 001
1167,FA-050,COMP 003
1168,FA-050,COMP 008
1169,FA-050,COMP 013
1170,FA-050,COMP 016
1171,FA-050,COMP 018
1172,FA-050,COMP 021
1173,FA-050,COMP 022
1174,FA-050,COMP 025
1175,FA-050,COMP 040
1176,FA-050,COMP 101
1177,FA-050,COMP 106
1178,FA-050,COSC 301
1179,FA-050,COSC 304
1180,FA-050,COSC 401
1181,FA-050,GEED 013
1182,FA-050,INTE 201
1183,FA-050,INTE 202
1184,FA-050,INTE 301
1185,FA-050,INTE 302
1186,FA-050,INTE 403
1187,FA-051,COMP 001
1188,FA-051,COMP 002
1189,FA-051,COMP 004
1190,FA-051,COMP 009
1191,FA-051,COMP 012
1192,FA-051,COMP 013
1193,FA-051,COMP 016
1194,FA-051,COMP 017
1195,FA-051,COMP 022
1196,FA-051,COMP 025
1197,FA-051,COMP 038
1198,FA-051,COMP 041
1199,FA-051,COMP 106
1200,FA-051,COSC 201
1201,FA-051,COSC 303
1202,FA-051,COSC 305
1203,FA-051,COSC 401
1204,FA-051,GEED 012
1205,FA-051,GEED 013
1206,FA-051,INTE 201
1207,FA-051,INTE 202
1208,FA-051,INTE 303
1209,FA-051,INTE 403
1210,FA-052,COMP 003
1211,FA-052,COMP 006
1212,FA-052,COMP 009
1213,FA-052,COMP 010
1214,FA-052,COMP 011
1215,FA-052,COMP 012
1216,FA-052,COMP 015
1217,FA-052,COMP 019
1218,FA-052,COMP 022
1219,FA-052,COMP 023
1220,FA-052,COMP 025
1221,FA-052,COMP 035
1222,FA-052,COMP 038
1223,FA-052,COMP 041
1224,FA-052,COMP 101
1225,FA-052,COSC 202
1226,FA-052,COSC 203
1227,FA-052,COSC 302
1228,FA-052,COSC 401
1229,FA-052,INTE 202
1230,FA-052,INTE 301
1231,FA-052,INTE 302
1232,FA-052,INTE 401
1233,FA-052,INTE 402
1234,FA-053,COMP 002
1235,FA-053,COMP 003
1236,FA-053,COMP 006
1237,FA-053,COMP 009
1238,FA-053,COMP 010
1239,FA-053,COMP 016
1240,FA-053,COMP 018
1241,FA-053,COMP 020
1242,FA-053,COMP 022
1243,FA-053,COMP 023
1244,FA-053,COMP 025
1245,FA-053,COMP 033
1246,FA-053,COMP 034
1247,FA-053,COMP 035
1248,FA-053,COMP 037
1249,FA-053,COMP 040
1250,FA-053,COMP 041
1251,FA-053,COMP 101
1252,FA-053,COSC 302
1253,FA-053,COSC 303
1254,FA-053,COSC 351
1255,FA-053,COSC 401
1256,FA-053,GEED 014
1257,FA-053,INTE 201
1258,FA-053,INTE 301
1259,FA-053,INTE 303
1260,FA-053,INTE 362
1261,FA-053,INTE 401
1262,FA-054,COMP 003
1263,FA-054,COMP 007
1264,FA-054,COMP 008
1265,FA-054,COMP 009
1266,FA-054,COMP 012
1267,FA-054,COMP 013
1268,FA-054,COMP 017
1269,FA-054,COMP 019
1270,FA-054,COMP 032
1271,FA-054,COMP 033
1272,FA-054,COMP 035
1273,FA-054,COMP 037
1274,FA-054,COMP 040
1275,FA-054,COSC 203
1276,FA-054,COSC 302
1277,FA-054,COSC 303
1278,FA-054,COSC 351
1279,FA-054,COSC 401
1280,FA-054,GEED 013
1281,FA-054,INTE 301
1282,FA-054,INTE 401
1283,FA-054,INTE 403
