curriculum_id,program_code,course_code,year_level,semester_offered
1,BSIT,COMP 001,First Year,1
2,BSIT,COMP 002,First Year,1
3,BSIT,COMP 003,First Year,2
4,BSIT,COMP 004,First Year,1
5,BSIT,COMP 006,Second Year,1
6,BSIT,COMP 007,Second Year,1
7,BSIT,COMP 008,Second Year,2
8,BSIT,INTE 201,Second Year,1
9,BSIT,COMP 009,Second Year,1
10,BSIT,COMP 010,Second Year,1
11,BSIT,COMP 012,Second Year,2
12,BSIT,COMP 013,Second Year,2
13,BSIT,COMP 014,Second Year,2
14,BSIT,INTE 202,Second Year,2
15,BSIT,COMP 015,Third Year,1
16,BSIT,COMP 016,Third Year,1
17,BSIT,COMP 017,Third Year,2
18,BSIT,COMP 018,Third Year,2
19,BSIT,INTE 301,Third Year,2
20,BSIT,COMP 025,Third Year,1
21,BSIT,COMP 038,Third Year,2
22,BSIT,COMP 034,Third Year,2
23,BSIT,COMP 019,Fourth Year,1
24,BSIT,INTE 302,Third Year,2
25,BSIT,INTE 303,Third Year,1
26,BSIT,COMP 035,Third Year,2
27,BSIT,COMP 023,Third Year,2
29,BSIT,INTE 401,Fourth Year,2
30,BSIT,INTE 402,Fourth Year,2
31,BSIT,INTE 403,Fourth Year,1
32,BSIT,INTE 362,Third Year,1
33,BSIT,COMP 041,Third Year,2
34,BSIT,COMP 033,Third Year,2
35,BSIT,COMP 037,Third Year,1
37,BSCS,COMP 001,First Year,1
39,BSCS,COMP 002,First Year,1
41,BSCS,COMP 003,First Year,2
43,BSCS,COMP 004,First Year,2
44,BSIT,COMP 005,First Year,2
45,BSCS,COMP 005,First Year,2
47,BSCS,COMP 006,Second Year,1
49,BSCS,COMP 009,Second Year,1
51,BSCS,COMP 019,Second Year,1
52,BSCS,COSC 201,Second Year,2
53,BSCS,COSC 202,Second Year,1
55,BSCS,COMP 008,Second Year,2
56,BSCS,COSC 203,Second Year,2
58,BSCS,COMP 010,Second Year,1
60,BSCS,COMP 007,Second Year,1
61,BSIT,COMP 011,Second Year,1
62,BSCS,COMP 011,Second Year,1
64,BSCS,COMP 013,Second Year,2
66,BSCS,COMP 015,Third Year,1
69,BSCS,COSC 301,Third Year,1
70,BSCS,COSC 302,Third Year,2
71,BSCS,COSC 303,Third Year,1
72,BSCS,COMP 034,Third Year,2
73,BSCS,COMP 038,Third Year,2
74,BSCS,COMP 025,Third Year,1
75,BSCS,COSC 351,Third Year,2
76,BSCS,COSC 305,Third Year,1
77,BSIT,COMP 020,Third Year,2
78,BSCS,COMP 020,Third Year,2
79,BSCS,COSC 304,Third Year,2
80,BSIT,COMP 021,Third Year,2
81,BSCS,COMP 021,Third Year,2
83,BSCS,COMP 016,Third Year,1
84,BSIT,COMP 022,Third Year,2
85,BSCS,COMP 022,Third Year,2
86,BSCS,COSC 401,Fourth Year,1
87,BSCS,COMP 036,Fourth Year,2
88,BSCS,COMP 040,Fourth Year,1
89,BSCS,COMP 018,Fourth Year,2
90,BSCS,COMP 037,Fourth Year,1
91,BSCS,COMP 032,Fourth Year,2
92,BSIT,GEED 012,First Year,1
93,BSCS,GEED 012,First Year,1
94,BSIT,GEED 013,First Year,2
95,BSCS,GEED 013,First Year,2
96,BSIT,GEED 014,First Year,1
97,BSCS,GEED 014,First Year,1
98,BSIT,COMP 106,First Year,2
99,BSIT,COMP 101,First Year,2
