section_id,section_name,program_code,semester_id,status
1,BSIT 1-1,BSIT ,20261,Active
2,BSIT 1-1N,BSIT ,20261,Active
3,BSIT 1-2,BSIT ,20261,Active
4,BSIT 1-2N,BSIT ,20261,Active
5,BSIT 1-3,BSIT ,20261,Active
6,BSIT 1-4,BSIT ,20261,Active
7,BSIT 1-5,BSIT ,20261,Active
8,BSIT 2-1,BSIT ,20261,Active
9,BSIT 2-1N,BSIT ,20261,Active
10,BSIT 2-2,BSIT ,20261,Active
11,BSIT 2-3,BSIT ,20261,Active
12,BSIT 2-4,BSIT ,20261,Active
13,BSIT 2-5,BSIT ,20261,Active
14,BSIT 3-1,BSIT ,20261,Active
15,BSIT 3-1N,BSIT ,20261,Active
16,BSIT 3-2,BSIT ,20261,Active
17,BSIT 3-2N,BSIT ,20261,Active
18,BSIT 3-3,BSIT ,20261,Active
19,BSIT 3-4,BSIT ,20261,Active
20,BSIT 3-5,BSIT ,20261,Active
21,BSIT 4-1,BSIT ,20261,Active
22,BSIT 4-1N,BSIT ,20261,Active
23,BSIT 4-2,BSIT ,20261,Active
24,BSIT 4-2N,BSIT ,20261,Active
25,BSIT 4-3,BSIT ,20261,Active
26,BSIT 4-4,BSIT ,20261,Active
27,BSIT 4-5,BSIT ,20261,Active
28,BSCS 1-1,BSCS,20261,Active
29,BSCS 1-1N,BSCS,20261,Active
30,BSCS 1-2,BSCS,20261,Active
31,BSCS 1-2,BSCS,20261,Active
32,BSCS 1-3,BSCS,20261,Active
33,BSCS 1-4,BSCS,20261,Active
34,BSCS 1-5,BSCS,20261,Active
35,BSCS 2-1,BSCS,20261,Active
36,BSCS 2-1N,BSCS,20261,Active
37,BSCS 2-2,BSCS,20261,Active
38,BSCS 2-3,BSCS,20261,Active
39,BSCS 2-4,BSCS,20261,Active
40,BSCS 2-5,BSCS,20261,Active
41,BSCS 3-1,BSCS,20261,Active
42,BSCS 3-1N,BSCS,20261,Active
43,BSCS 3-2,BSCS,20261,Active
44,BSCS 3-3,BSCS,20261,Active
45,BSCS 3-4,BSCS,20261,Active
46,BSCS 3-5,BSCS,20261,Active
47,BSCS 4-1,BSCS,20261,Active
48,BSCS 4-1N,BSCS,20261,Active
49,BSCS 4-2,BSCS,20261,Active
50,BSCS 4-3,BSCS,20261,Active
51,BSCS 4-4,BSCS,20261,Active
52,BSCS 4-5,BSCS,20261,Active
