room_id,room_code,building,floor number,capacity,room type,is active
501,S501,South Wing ,5,60,Laboratory,
502,S502,South Wing ,5,60,Laboratory,
503,S503,South Wing ,5,60,Laboratory,
504,S504,South Wing ,5,60,Laboratory,
508,S508,South Wing ,5,60,Laboratory,
510,S510,South Wing ,5,60,Laboratory,
511,S511,South Wing ,5,60,Laboratory,
401,E401,East Wing ,4,60,Lecture,
403,E403,East Wing ,4,60,Lecture,
404,E404,East Wing ,4,60,Lecture,
405,E405,East Wing ,4,60,Lecture,
406,E406,East Wing ,4,60,Lecture,
407,E407,East Wing ,4,60,Lecture,
408,E408,East Wing ,4,60,Lecture,
409,E409,East Wing ,4,60,Lecture,
410,E410,East Wing ,4,60,Lecture,
411,E411,East Wing ,4,60,Lecture,
412,E412,East Wing ,4,60,Lecture,
413,E413,East Wing ,4,60,Lecture,
414,E414,East Wing ,4,60,Lecture,
415,E415,East Wing ,4,60,Lecture,
416,E416,East Wing ,4,60,Lecture,
417,E417,East Wing ,4,60,Lecture,
418,E418,East Wing ,4,60,Lecture,
