course_code,course_title,lec_units,lab_unit,credited_units,year level,department,college,course_category,is active
COMP 001,Introduction to Computing,2,3,3,First Year,IT,CCIS,Common and Professional Courses,
COMP 002,Computer Programming 1,2,3,3,First Year,IT,CCIS,Common and Professional Courses,
COMP 003,Computer Programming 2,2,3,3,First Year,IT,CCIS,Common and Professional Courses,
COMP 004,Discrete Structures 1,2,3,3,First Year,IT,CCIS,Common and Professional Courses,
COMP 006,Data Structures and Algorithms,2,3,3,Second Year,IT,CCIS,Common and Professional Courses,
COMP 007,Operating Systems,2,3,3,Second Year,IT,CCIS,Common and Professional Courses,
COMP 008,Data Communications and Networking,2,3,3,Second Year,IT,CCIS,Common and Professional Courses,
INTE 201,Programming 3 (Structured Programming),2,3,3,Second Year,IT,CCIS,Common and Professional Courses,
COMP 009,Object Oriented Programming,2,3,3,Second Year,IT,CCIS,Common and Professional Courses,
COMP 010,Information Management,2,3,3,Second Year,IT,CCIS,Common and Professional Courses,
COMP 012,Network Administration,2,3,3,Second Year,IT,CCIS,Common and Professional Courses,
COMP 013,Human Computer Interaction,2,3,3,Second Year,IT,CCIS,Common and Professional Courses,
COMP 014,Quantitative Methods with Modeling and Simulation,2,3,3,Second Year,IT,CCIS,Common and Professional Courses,
INTE 202,Integrative Programming and Technologies 1,2,3,3,Second Year,IT,CCIS,Common and Professional Courses,
COMP 015,Fundamentals of Research,3,0,3,Third Year,IT,CCIS,Common and Professional Courses,
COMP 016,Web Development,2,3,3,Third Year,IT,CCIS,Common and Professional Courses,
COMP 017,Multimedia,2,3,3,Third Year,IT,CCIS,Common and Professional Courses,
COMP 018,Database Administration,2,3,3,Third Year,IT,CCIS,Common and Professional Courses,
INTE 301,Systems Integration and Architecture 1,3,0,3,Third Year,IT,CCIS,Common and Professional Courses,
COMP 025,Project Management,2,3,3,Third Year,IT,CCIS,Elective Courses,
COMP 038,Cybersecurity Fundamentals,2,3,3,Third Year,IT,CCIS,Elective Courses,
COMP 034,Introduction to Data Science,2,3,3,Third Year,IT,CCIS,Elective Courses,
COMP 019,Applications Development and Emerging Technologies,2,3,3,Third Year,IT,CCIS,Common and Professional Courses,
INTE 302,Information Assurance and Security1,2,3,3,Third Year,IT,CCIS,Common and Professional Courses,
INTE 303,Capstone Project 1,2,3,3,Third Year,IT,CCIS,Common and Professional Courses,
COMP 035,Data Mining,2,3,3,Third Year,IT,CCIS,Common and Professional Courses,
COMP 023,Social and Professional Issues in Computing,3,0,3,Fourth Year,IT,CCIS,Common and Professional Courses,
INTE 401,Information Assurance and Security 2,3,0,3,Fourth Year,IT,CCIS,Common and Professional Courses,
INTE 402,Capstone Project 2,3,0,3,Fourth Year,IT,CCIS,Common and Professional Courses,
INTE 403,Systems Administration and Maintenance,2,3,3,Fourth Year,IT,CCIS,Common and Professional Courses,
INTE 362,Quality Assurance,2,3,3,Fourth Year,IT,CCIS,Elective Courses,
COMP 041,Cloud and Virtualization Security,2,3,3,Fourth Year,IT,CCIS,Elective Courses,
COMP 033,Wide Area Network,2,3,3,Fourth Year,IT,CCIS,Elective Courses,
COMP 037,Machine Learning,2,3,3,Fourth Year,IT,CCIS,Elective Courses,
COMP 005,Discrete Structures 2,3,0,3,Second Year,CS,CCIS,Common and Professional Courses,
COSC 201,Logic Design and Digital Computer Circuits,3,0,3,Second Year,CS,CCIS,Common and Professional Courses,
COSC 202,Modeling and Simulation,2,3,3,Second Year,CS,CCIS,Common and Professional Courses,
COSC 203,Design and Analysis of Algorithms,2,3,3,Second Year,CS,CCIS,Common and Professional Courses,
COMP 011,Technical Documentation and Presentation Skills in ICT,2,3,3,Second Year,CS,CCIS,Common and Professional Courses,
COSC 301,Computer Organization and Assembly Language,2,3,3,Third Year,CS,CCIS,Common and Professional Courses,
COSC 302,Automata and Language Theory,3,0,3,Third Year,CS,CCIS,Common and Professional Courses,
COSC 303,Principles of Programming Languages,2,3,3,Third Year,CS,CCIS,Common and Professional Courses,
COSC 351,Natural Language Processing,2,3,3,Third Year,CS,CCIS,Elective Courses,
COSC 305,CS Thesis Writing 1,3,0,3,Third Year,CS,CCIS,Common and Professional Courses,
COMP 020,Information Assurance and Security,3,0,3,Third Year,CS,CCIS,Common and Professional Courses,
COSC 304,Introduction to Artificial Intelligence,2,3,3,Third Year,CS,CCIS,Common and Professional Courses,
COMP 021,Software Engineering 1,2,3,3,Third Year,CS,CCIS,Common and Professional Courses,
COMP 022,Software Engineering 2,2,3,3,Fourth Year,CS,CCIS,Common and Professional Courses,
COSC 401,CS Thesis Writing 2,3,0,3,Fourth Year,CS,CCIS,Common and Professional Courses,
COMP 036,R Programming,3,0,3,Fourth Year,CS,CCIS,Elective Courses,
COMP 040,Network and Enterprise Protection,2,3,3,Fourth Year,CS,CCIS,Elective Courses,
COMP 032,Switching and Wireless Network Configuration,2,3,3,Fourth Year,CS,CCIS,Elective Courses,
GEED 012,Living in the IT Era,2,3,3,,,CCIS,Service Courses,
GEED 013,Fundamentals of Computer Programming,3,0,3,,,CCIS,Service Courses,
GEED 014,E-Commerce/M-Commerce,3,0,3,,,CCIS,Service Courses,
COMP 106,Introduction to Database Management System,3,0,3,,,CCIS,Service Courses,
COMP 101,Integrated Software Application,3,0,3,,,CCIS,Service Courses,
